{"cameraMode":{"drawMode":0,"name":"Shaded","section":"Shading Mode"},"sceneLighting":true,"audioPlay":false,"sceneViewState":{"m_AlwaysRefresh":false,"showFog":true,"showSkybox":true,"showFlares":true,"showImageEffects":true,"showParticleSystems":true,"showVisualEffectGraphs":true,"m_FxEnabled":false},"in2DMode":false,"pivot":{"x":11.162166595458985,"y":-15.048797607421875,"z":-39.439632415771487},"rotation":{"x":0.027482638135552408,"y":0.9549893736839294,"z":-0.2801096737384796,"w":0.09369774907827378},"size":33.843833923339847,"orthographic":false}